{"test_inds": {"0": [6, 29, 40, 42, 51, 57, 66, 74, 91, 93, 94, 99, 102, 113], "1": [8, 22, 24, 35, 36, 54, 61, 63, 68, 78, 86, 106, 108, 119], "2": [1, 9, 27, 32, 58, 59, 90, 95, 107, 110, 122, 126, 132, 135], "3": [17, 20, 21, 33, 48, 52, 62, 64, 85, 88, 98, 111, 123, 130], "4": [4, 10, 15, 25, 39, 43, 55, 77, 82, 96, 100, 128, 133, 134], "5": [5, 7, 18, 44, 49, 56, 70, 79, 83, 97, 114, 115, 117, 121], "6": [13, 16, 28, 31, 41, 45, 46, 72, 84, 87, 89, 101, 104, 125], "7": [0, 2, 3, 12, 14, 19, 60, 65, 71, 75, 81, 105, 109, 131], "8": [11, 34, 37, 50, 67, 73, 76, 80, 103, 127, 129, 136, 137], "9": [23, 26, 30, 38, 47, 53, 69, 92, 112, 116, 118, 120, 124]}, "tpr": {"0": [0.0, 0.125, 1.0, 1.0, 1.0, 1.0], "1": [0.0, 0.14285714285714285, 1.0, 1.0, 1.0, 1.0, 1.0, 1.0], "2": [0.0, 0.5, 1.0, 1.0, 1.0, 1.0, 1.0], "3": [0.0, 0.14285714285714285, 0.5714285714285714, 0.7142857142857143, 1.0, 1.0], "4": [0.0, 0.2, 0.4, 0.8, 1.0, 1.0, 1.0], "5": [0.0, 0.25, 1.0, 1.0, 1.0, 1.0, 1.0, 1.0, 1.0, 1.0], "6": [0.0, 0.2, 1.0, 1.0, 1.0, 1.0, 1.0], "7": [0.0, 0.3333333333333333, 1.0, 1.0, 1.0, 1.0], "8": [0.0, 0.2, 1.0, 1.0, 1.0, 1.0], "9": [0.0, 0.75, 1.0, 1.0, 1.0, 1.0]}, "fpr": {"0": [0.0, 0.0, 0.0, 0.3333333333333333, 0.6666666666666666, 1.0], "1": [0.0, 0.0, 0.0, 0.14285714285714285, 0.42857142857142855, 0.5714285714285714, 0.8571428571428571, 1.0], "2": [0.0, 0.0, 0.0, 0.2, 0.5, 0.7, 1.0], "3": [0.0, 0.0, 0.0, 0.0, 0.0, 1.0], "4": [0.0, 0.0, 0.0, 0.0, 0.0, 0.6666666666666666, 1.0], "5": [0.0, 0.0, 0.0, 0.1, 0.3, 0.4, 0.6, 0.7, 0.9, 1.0], "6": [0.0, 0.0, 0.0, 0.2222222222222222, 0.4444444444444444, 0.8888888888888888, 1.0], "7": [0.0, 0.0, 0.0, 0.45454545454545453, 0.6363636363636364, 1.0], "8": [0.0, 0.0, 0.0, 0.25, 0.75, 1.0], "9": [0.0, 0.0, 0.0, 0.5555555555555556, 0.7777777777777778, 1.0]}, "thresholds": {"0": [1.8399999999999999, 0.84, 0.695, 0.215, 0.18, 0.15], "1": [1.7850000000000001, 0.785, 0.695, 0.195, 0.175, 0.165, 0.14, 0.105], "2": [1.8, 0.8, 0.785, 0.165, 0.145, 0.14, 0.09], "3": [1.8399999999999999, 0.84, 0.755, 0.745, 0.73, 0.075], "4": [1.8199999999999998, 0.82, 0.785, 0.75, 0.735, 0.115, 0.1], "5": [1.815, 0.815, 0.755, 0.165, 0.15, 0.14, 0.135, 0.12, 0.115, 0.08], "6": [1.8199999999999998, 0.82, 0.695, 0.175, 0.14, 0.125, 0.12], "7": [1.795, 0.795, 0.74, 0.145, 0.14, 0.095], "8": [1.8199999999999998, 0.82, 0.725, 0.17, 0.115, 0.11], "9": [1.8, 0.8, 0.755, 0.12, 0.115, 0.1]}}