classifier,n,Lhat,trainTime,testTime,iterate
MF, 100, 0.806100000, 442.315912247, 0.582571507, 0
MF, 500, 0.669100000, 2115.477563381, 0.666162014, 0
